Size (in),Size (mm),Weight (lb/ft),ID (in),ID (mm),Drift (in),Drift (mm),Capacity (bbl/100ft)
4 1/2,114.3,9.5,4.09,103.89,3.965,100.71,1.63
4 1/2,114.3,10.5,4.052,102.92,3.927,99.75,1.59
4 1/2,114.3,11.6,4.0,101.6,3.875,98.43,1.55
4 1/2,114.3,12.6,3.958,100.53,3.833,97.36,1.52
4 1/2,114.3,13.5,3.92,99.57,3.795,96.39,1.49
4 1/2,114.3,15.1,3.826,97.18,3.701,94.01,1.42
4 1/2,114.3,16.6,3.754,95.35,3.629,92.18,1.37
4 1/2,114.3,16.9,3.74,95.0,3.615,91.82,1.36
4 1/2,114.3,17.7,3.696,93.88,3.571,90.7,1.33
4 1/2,114.3,18.8,3.64,92.46,3.515,89.28,1.29
4 1/2,114.3,21.6,3.5,88.9,3.375,85.73,1.19
4 1/2,114.3,24.6,3.38,85.85,3.255,82.68,1.11
4 1/2,114.3,26.5,3.24,82.3,3.115,79.12,1.02
5,127.0,11.5,4.56,115.82,4.435,112.65,2.02
5,127.0,13.0,4.494,114.15,4.369,110.97,1.96
5,127.0,15.0,4.408,111.96,4.283,108.79,1.89
5,127.0,18.0,4.276,108.61,4.151,105.44,1.78
5,127.0,20.3,4.184,106.27,4.059,103.1,1.7
5,127.0,20.8,4.156,105.56,4.031,102.39,1.68
5,127.0,21.4,4.126,104.8,4.001,101.63,1.65
5,127.0,23.2,4.044,102.72,3.919,99.54,1.59
5,127.0,24.2,4.0,101.6,3.875,98.43,1.55
5,127.0,26.7,3.876,98.45,3.751,95.28,1.46
5,127.0,32.0,3.62,91.95,3.495,88.77,1.27
5 1/2,139.7,13.0,5.044,128.12,4.919,124.94,2.47
5 1/2,139.7,14.0,5.012,127.3,4.887,124.13,2.44
5 1/2,139.7,15.5,4.95,125.73,4.825,122.56,2.38
5 1/2,139.7,17.0,4.892,124.26,4.767,121.08,2.32
5 1/2,139.7,20.0,4.778,121.36,4.653,118.19,2.22
5 1/2,139.7,23.0,4.67,118.62,4.545,115.44,2.12
5 1/2,139.7,26.0,4.548,115.52,4.423,112.34,2.01
5 1/2,139.7,28.4,4.44,112.78,4.315,109.6,1.91
5 1/2,139.7,29.7,4.376,111.15,4.251,107.98,1.86
5 1/2,139.7,32.3,4.276,108.61,4.151,105.44,1.78
5 1/2,139.7,36.4,4.09,103.89,3.965,100.71,1.62
5 1/2,139.7,39.3,4.044,102.72,3.919,99.54,1.59
6,152.4,15.0,5.542,140.77,5.399,137.13,2.98
6,152.4,18.0,5.424,137.77,5.299,134.59,2.86
6,152.4,20.0,5.352,135.94,5.227,132.77,2.78
6,152.4,23.0,5.24,133.1,5.115,129.92,2.67
6,152.4,26.0,5.132,130.35,5.007,127.18,2.56
6 5/8,168.28,17.0,6.135,155.83,6.01,152.65,3.66
6 5/8,168.28,20.0,6.049,153.64,5.924,150.47,3.55
6 5/8,168.28,24.0,5.921,150.39,5.796,147.22,3.41
6 5/8,168.28,28.0,5.791,147.09,5.666,143.92,3.26
6 5/8,168.28,32.0,5.675,144.15,5.55,140.97,3.13
6 5/8,168.28,35.0,5.575,141.61,5.45,138.43,3.02
6 5/8,168.28,43.2,5.375,136.53,5.25,133.35,2.81
6 5/8,168.28,69.63,4.375,111.13,4.25,107.95,1.86
7,177.8,17.0,6.538,166.07,6.413,162.89,4.15
7,177.8,20.0,6.456,163.98,6.331,160.81,4.05
7,177.8,23.0,6.366,161.7,6.241,158.52,3.94
7,177.8,26.0,6.276,159.41,6.151,156.24,3.83
7,177.8,29.0,6.184,157.07,6.059,153.9,3.71
7,177.8,32.0,6.094,154.79,5.969,151.61,3.61
7,177.8,35.0,6.004,152.5,5.879,149.33,3.5
7,177.8,38.0,5.92,150.37,5.795,147.19,3.4
7,177.8,41.0,5.82,147.83,5.695,144.65,3.29
7,177.8,42.7,5.75,146.05,5.625,142.88,3.21
7,177.8,44.0,5.72,145.29,5.595,142.11,3.18
7,177.8,45.4,5.66,143.76,5.535,140.59,3.11
7,177.8,49.5,5.54,140.72,5.415,137.54,2.98
7,177.8,56.1,5.376,136.55,5.251,133.38,2.81
7,177.8,58.0,5.24,133.1,5.115,129.92,2.67
7,177.8,66.5,5.04,128.02,4.915,124.84,2.47
7 5/8,193.68,20.0,7.125,180.98,7.0,177.8,4.93
7 5/8,193.68,24.0,7.025,178.44,6.9,175.26,4.79
7 5/8,193.68,26.4,6.969,177.01,6.844,173.84,4.72
7 5/8,193.68,29.7,6.875,174.63,6.75,171.45,4.59
7 5/8,193.68,33.7,6.765,171.83,6.64,168.66,4.45
7 5/8,193.68,39.0,6.625,168.28,6.5,165.1,4.26
7 5/8,193.68,42.8,6.501,165.13,6.376,161.95,4.11
7 5/8,193.68,45.3,6.435,163.45,6.31,160.27,4.02
7 5/8,193.68,47.1,6.375,161.93,6.25,158.75,3.95
7 5/8,193.68,51.2,6.249,158.72,6.125,155.58,3.8
7 5/8,193.68,52.8,6.201,157.81,6.0,152.4,3.74
7 5/8,193.68,55.75,6.201,157.51,6.176,156.87,3.74
7 3/4,196.85,46.1,6.56,166.62,6.5,165.1,4.18
7 3/4,196.85,24.0,8.097,205.66,7.972,202.49,6.37
7 3/4,196.85,28.0,8.017,203.63,7.892,200.46,6.24
7 3/4,196.85,32.0,7.921,201.19,7.796,198.02,6.09
8 5/8,219.08,36.0,7.825,198.76,7.7,195.58,5.95
8 5/8,219.08,40.0,7.725,196.22,7.6,193.04,5.8
8 5/8,219.08,44.0,7.625,193.68,7.5,190.5,5.65
8 5/8,219.08,49.0,7.511,190.78,7.386,187.6,5.48
8 5/8,219.08,52.0,7.435,188.85,7.31,185.67,5.37
8 3/4,222.25,49.7,7.636,193.95,7.5,190.5,5.66
8 3/4,222.25,29.3,9.063,230.2,8.907,226.24,7.98
8 3/4,222.25,32.3,9.001,228.63,8.845,224.66,7.87
8 3/4,222.25,36.0,8.921,226.59,8.765,222.63,7.73
8 3/4,222.25,38.0,8.885,225.68,8.76,222.5,7.67
8 3/4,222.25,40.0,8.835,224.41,8.679,220.45,7.58
8 3/4,222.25,43.5,8.755,222.38,8.599,218.41,7.45
9 5/8,244.48,47.0,8.681,220.5,8.525,216.54,7.32
9 5/8,244.48,53.5,8.535,216.79,8.379,212.83,7.08
9 5/8,244.48,58.4,8.435,214.25,8.279,210.29,6.91
9 5/8,244.48,59.4,8.407,213.54,8.251,209.58,6.87
9 5/8,244.48,61.1,8.375,212.73,8.219,208.76,6.81
9 5/8,244.48,64.9,8.281,210.34,8.125,206.38,6.66
9 5/8,244.48,70.3,8.157,207.19,8.001,203.23,6.46
9 5/8,244.48,71.8,8.125,206.38,7.969,202.41,6.41
9 3/4,247.65,59.2,8.56,217.42,8.5,215.9,7.12
9 7/8,250.83,62.8,8.625,219.08,8.5,215.9,7.23
10 3/4,273.05,32.75,10.192,258.88,10.036,254.91,10.09
10 3/4,273.05,35.75,10.136,257.45,10.011,254.28,9.98
10 3/4,273.05,40.5,10.05,255.27,9.894,251.31,9.81
10 3/4,273.05,45.5,9.95,252.73,9.794,248.77,9.62
10 3/4,273.05,51.0,9.85,250.19,9.694,246.23,9.42
10 3/4,273.05,55.5,9.76,247.9,9.604,243.94,9.25
10 3/4,273.05,60.7,9.66,245.36,9.504,241.4,9.06
10 3/4,273.05,65.7,9.56,242.82,9.404,238.86,8.88
10 3/4,273.05,71.1,9.45,240.03,9.294,236.07,8.67
10 3/4,273.05,73.2,9.406,238.91,9.25,234.95,8.59
10 3/4,273.05,76.0,9.35,237.49,9.194,233.53,8.49
10 3/4,273.05,79.2,9.282,235.76,9.126,231.8,8.37
10 3/4,273.05,81.0,9.25,234.95,9.094,230.99,8.31
11 3/4,298.45,38.0,11.15,283.21,10.994,279.25,12.08
11 3/4,298.45,42.0,11.084,281.53,10.928,277.57,11.93
11 3/4,298.45,47.0,11.0,279.4,10.844,275.44,11.75
11 3/4,298.45,54.0,10.88,276.35,10.724,272.39,11.5
11 3/4,298.45,60.0,10.772,273.61,10.616,269.65,11.27
11 3/4,298.45,65.0,10.682,271.32,10.526,267.36,11.08
11 3/4,298.45,66.7,10.656,270.66,10.5,266.7,11.03
11 3/4,298.45,71.0,10.586,268.88,10.43,264.92,10.89
11 3/4,298.45,73.6,10.532,267.51,10.376,263.55,10.78
11 3/4,298.45,75.0,10.514,267.06,10.358,263.09,10.74
11 3/4,298.45,76.0,10.5,266.7,10.344,262.74,10.71
11 3/4,298.45,79.0,10.438,265.13,10.282,261.16,10.58
11 3/4,298.45,80.5,10.406,264.31,10.25,260.35,10.52
11 3/4,298.45,83.0,10.368,263.35,10.212,259.38,10.44
11 3/4,298.45,87.2,10.282,261.16,10.126,257.2,10.27
11 3/4,298.45,95.0,10.124,257.15,9.968,253.19,9.96
11 7/8,301.63,71.8,10.711,272.06,10.625,269.88,11.14
13 3/8,339.73,48.0,12.715,322.96,12.559,319.0,15.71
13 3/8,339.73,54.5,12.615,320.42,12.459,316.46,15.46
13 3/8,339.73,61.0,12.515,317.88,12.359,313.92,15.21
13 3/8,339.73,68.0,12.415,315.34,12.259,311.38,14.97
13 3/8,339.73,72.0,12.347,313.61,12.191,309.65,14.81
13 3/8,339.73,77.0,12.275,311.79,12.119,307.82,14.64
13 3/8,339.73,80.7,12.215,310.26,12.059,306.3,14.49
13 3/8,339.73,83.0,12.175,309.25,12.019,305.28,14.4
13 3/8,339.73,85.0,12.159,308.84,12.003,304.88,14.36
13 3/8,339.73,86.0,12.125,307.98,11.969,304.01,14.28
13 3/8,339.73,91.0,12.055,306.2,11.899,302.23,14.12
13 3/8,339.73,92.0,12.031,305.59,11.875,301.63,14.06
13 3/8,339.73,96.0,11.975,304.17,11.819,300.2,13.93
13 3/8,339.73,98.0,11.937,303.2,11.781,299.24,13.84
13 3/8,339.73,100.3,11.907,302.44,11.751,298.48,13.77
13 3/8,339.73,102.0,11.889,301.98,11.733,298.02,13.73
13 1/2,342.9,81.4,12.34,313.44,12.25,311.15,14.79
13 5/8,346.08,88.2,12.375,314.33,12.25,311.15,14.88
